{
  "NMI": 0.26458995204276264,
  "ARI": 0.14223598508774682,
  "n_chunks": 1439
}