k,inertia,silhouette
2,161.79278564453125,0.07505342364311218
3,155.31375122070312,0.04493137449026108
4,151.86268615722656,0.04613356664776802
5,149.59620666503906,0.043215736746788025
6,146.86256408691406,0.042148247361183167
7,144.38870239257812,0.047516386955976486
8,143.62130737304688,0.023170609027147293
9,141.43768310546875,0.023056307807564735
10,140.48760986328125,0.04228498786687851
