book_id,mean_sent_len,std_sent_len,punc_density,n_chunks,label_suffering_type
brothers_karamazov,18.01310929338001,13.047946949783007,0.03919503961290781,5,moral
myth_of_sisyphus,33.18369232490551,27.5984356125265,0.041422468968942194,106,existential
meditations,27.299739172630435,21.957720674128296,0.03900847792308224,90,stoic
east_of_eden,32.80855342459321,23.436343093978994,0.030087068931509493,61,intergenerational
